,simplified,tags
2,打篮球,"['HSK-v2002', 'HSK.2', 'STATUS.Unique']"
3,踢足球,"['HSK-v2002', 'HSK.2', 'STATUS.Unique']"
10,弹钢琴,"['HSK-v2002', 'HSK.4', 'STATUS.Unique']"
12,放暑假,"['HSK-v2002', 'HSK.4', 'STATUS.Unique']"
24,系领带,"['HSK-v2002', 'HSK.5', 'STATUS.Unique']"
110,纽扣儿,"['HSK-v2002', 'HSK.6', 'STATUS.Unique']"
427,陆雨平,"['NPCR', 'NPCR.1', 'NPCR.1.01', 'STATUS.Unique']"
429,林娜,"['NPCR', 'NPCR.1', 'NPCR.1.01', 'STATUS.Unique']"
434,丁力波,"['NPCR', 'NPCR.1', 'NPCR.1.07', 'STATUS.Unique']"
435,贝贝,"['NPCR', 'NPCR.1', 'NPCR.1.08', 'STATUS.Unique']"
441,红葡萄酒,"['NPCR', 'NPCR.1', 'NPCR.1.09', 'STATUS.Unique']"
448,香蕉苹果,"['NPCR', 'NPCR.1', 'NPCR.1.10', 'STATUS.Unique']"
449,块(钱),"['NPCR', 'NPCR.1', 'NPCR.1.10', 'STATUS.Unique']"
450,毛(钱),"['NPCR', 'NPCR.1', 'NPCR.1.10', 'STATUS.Unique']"
451,分(钱),"['NPCR', 'NPCR.1', 'NPCR.1.10', 'STATUS.Unique']"
452,找(钱),"['NPCR', 'NPCR.1', 'NPCR.1.10', 'STATUS.Unique']"
453,(一)点儿,"['NPCR', 'NPCR.1', 'NPCR.1.11', 'STATUS.Unique']"
454,点(钟),"['NPCR', 'NPCR.1', 'NPCR.1.11', 'STATUS.Unique']"
463,家美,"['NPCR', 'NPCR.1', 'NPCR.1.13', 'STATUS.Unique']"
464,水电费,"['NPCR', 'NPCR.1', 'NPCR.1.13', 'STATUS.Unique']"
477,加元,"['NPCR', 'NPCR.2', 'NPCR.2.15', 'STATUS.Unique']"
478,亚洲学系,"['NPCR', 'NPCR.2', 'NPCR.2.15', 'STATUS.Unique']"
482,新实用汉语课本,"['NPCR', 'NPCR.2', 'NPCR.2.16', 'STATUS.Unique']"
495,建国门,"['NPCR', 'NPCR.2', 'NPCR.2.18', 'STATUS.Unique']"
503,油彩,"['NPCR', 'NPCR.2', 'NPCR.2.19', 'STATUS.Unique']"
512,花园小区,"['NPCR', 'NPCR.2', 'NPCR.2.21', 'STATUS.Unique']"
517,长安大戏院,"['NPCR', 'NPCR.2', 'NPCR.2.22', 'STATUS.Unique']"
528,小燕子,"['NPCR', 'NPCR.2', 'NPCR.2.23', 'STATUS.Unique']"
531,中国民航,"['NPCR', 'NPCR.2', 'NPCR.2.23', 'STATUS.Unique']"
537,医药费,"['NPCR', 'NPCR.2', 'NPCR.2.25', 'STATUS.Unique']"
548,一边…一边…,"['NPCR', 'NPCR.3', 'NPCR.3.27', 'STATUS.Unique']"
558,…之一,"['NPCR', 'NPCR.3', 'NPCR.3.28', 'STATUS.Unique']"
570,园艺师,"['NPCR', 'NPCR.3', 'NPCR.3.29', 'STATUS.Unique']"
573,弟子不必不如师,"['NPCR', 'NPCR.3', 'NPCR.3.29', 'STATUS.Unique']"
574,师不必贤于弟子,"['NPCR', 'NPCR.3', 'NPCR.3.29', 'STATUS.Unique']"
578,敲锣打鼓,"['NPCR', 'NPCR.3', 'NPCR.3.30', 'STATUS.Unique']"
580,扭秧歌,"['NPCR', 'NPCR.3', 'NPCR.3.30', 'STATUS.Unique']"
582,街心花园,"['NPCR', 'NPCR.3', 'NPCR.3.30', 'STATUS.Unique']"
595,南水北调,"['NPCR', 'NPCR.3', 'NPCR.3.31', 'STATUS.Unique']"
597,随炀帝,"['NPCR', 'NPCR.3', 'NPCR.3.31', 'STATUS.Unique']"
605,王兴,"['NPCR', 'NPCR.3', 'NPCR.3.32', 'STATUS.Unique']"
608,既…又…,"['NPCR', 'NPCR.3', 'NPCR.3.33', 'STATUS.Unique']"
609,木屋,"['NPCR', 'NPCR.3', 'NPCR.3.33', 'STATUS.Unique']"
611,藏趣园,"['NPCR', 'NPCR.3', 'NPCR.3.33', 'STATUS.Unique']"
615,竹叶,"['NPCR', 'NPCR.3', 'NPCR.3.33', 'STATUS.Unique']"
617,野生动物保护协会,"['NPCR', 'NPCR.3', 'NPCR.3.33', 'STATUS.Unique']"
625,两岸猿声啼不住,"['NPCR', 'NPCR.3', 'NPCR.3.34', 'STATUS.Unique']"
626,轻舟已过万崇山,"['NPCR', 'NPCR.3', 'NPCR.3.34', 'STATUS.Unique']"
632,将军服,"['NPCR', 'NPCR.3', 'NPCR.3.34', 'STATUS.Unique']"
643,除了…以外,"['NPCR', 'NPCR.3', 'NPCR.3.36', 'STATUS.Unique']"
645,床前明月光,"['NPCR', 'NPCR.3', 'NPCR.3.36', 'STATUS.Unique']"
646,疑是地上霜,"['NPCR', 'NPCR.3', 'NPCR.3.36', 'STATUS.Unique']"
647,举头望明月,"['NPCR', 'NPCR.3', 'NPCR.3.36', 'STATUS.Unique']"
648,低头思故乡,"['NPCR', 'NPCR.3', 'NPCR.3.36', 'STATUS.Unique']"
649,家书抵万金,"['NPCR', 'NPCR.3', 'NPCR.3.36', 'STATUS.Unique']"
650,唐诗选,"['NPCR', 'NPCR.3', 'NPCR.3.36', 'STATUS.Unique']"
653,僧敲月下门,"['NPCR', 'NPCR.3', 'NPCR.3.36', 'STATUS.Unique']"
655,鸟宿池边树,"['NPCR', 'NPCR.3', 'NPCR.3.36', 'STATUS.Unique']"
657,贾岛,"['NPCR', 'NPCR.3', 'NPCR.3.36', 'STATUS.Unique']"
659,越…越…,"['NPCR', 'NPCR.3', 'NPCR.3.37', 'STATUS.Unique']"
662,ＡＡ制,"['NPCR', 'NPCR.3', 'NPCR.3.37', 'STATUS.Unique']"
664,烤全羊,"['NPCR', 'NPCR.3', 'NPCR.3.37', 'STATUS.Unique']"
666,蒙族,"['NPCR', 'NPCR.3', 'NPCR.3.37', 'STATUS.Unique']"
668,肉丝炒竹笋,"['NPCR', 'NPCR.3', 'NPCR.3.37', 'STATUS.Unique']"
672,优生优育,"['NPCR', 'NPCR.3', 'NPCR.3.37', 'STATUS.Unique']"
673,巧云,"['NPCR', 'NPCR.3', 'NPCR.3.37', 'STATUS.Unique']"
676,红双喜字,"['NPCR', 'NPCR.3', 'NPCR.3.38', 'STATUS.Unique']"
682,李玉兰,"['NPCR', 'NPCR.3', 'NPCR.3.38', 'STATUS.Unique']"
686,上联,"['NPCR', 'NPCR.3', 'NPCR.3.38', 'STATUS.Unique']"
687,下联,"['NPCR', 'NPCR.3', 'NPCR.3.38', 'STATUS.Unique']"
690,飞虎旗,"['NPCR', 'NPCR.3', 'NPCR.3.38', 'STATUS.Unique']"
691,中榜,"['NPCR', 'NPCR.3', 'NPCR.3.38', 'STATUS.Unique']"
693,炒鸡丁,"['NPCR', 'NPCR.4', 'NPCR.4.39', 'STATUS.Unique']"
694,开饭馆,"['NPCR', 'NPCR.4', 'NPCR.4.39', 'STATUS.Unique']"
706,草房,"['NPCR', 'NPCR.4', 'NPCR.4.40', 'STATUS.Unique']"
707,生产队长,"['NPCR', 'NPCR.4', 'NPCR.4.40', 'STATUS.Unique']"
712,歌王,"['NPCR', 'NPCR.4', 'NPCR.4.41', 'STATUS.Unique']"
713,王洛宾,"['NPCR', 'NPCR.4', 'NPCR.4.41', 'STATUS.Unique']"
720,红烧鱼,"['NPCR', 'NPCR.4', 'NPCR.4.42', 'STATUS.Unique']"
729,缷,"['NPCR', 'NPCR.4', 'NPCR.4.42', 'STATUS.Unique']"
732,杏儿,"['NPCR', 'NPCR.4', 'NPCR.4.42', 'STATUS.Unique']"
744,咸亨酒店,"['NPCR', 'NPCR.4', 'NPCR.4.43', 'STATUS.Unique']"
747,铜把手,"['NPCR', 'NPCR.4', 'NPCR.4.43', 'STATUS.Unique']"
748,…似的,"['NPCR', 'NPCR.4', 'NPCR.4.43', 'STATUS.Unique']"
753,拉车,"['NPCR', 'NPCR.4', 'NPCR.4.43', 'STATUS.Unique']"
767,秀水街,"['NPCR', 'NPCR.4', 'NPCR.4.44', 'STATUS.Unique']"
768,市场开发部,"['NPCR', 'NPCR.4', 'NPCR.4.45', 'STATUS.Unique']"
771,顺致,"['NPCR', 'NPCR.4', 'NPCR.4.45', 'STATUS.Unique']"
772,ＡＢＣ商学院,"['NPCR', 'NPCR.4', 'NPCR.4.45', 'STATUS.Unique']"
775,头班车,"['NPCR', 'NPCR.4', 'NPCR.4.46', 'STATUS.Unique']"
782,旅游鞋,"['NPCR', 'NPCR.4', 'NPCR.4.47', 'STATUS.Unique']"
784,起名字,"['NPCR', 'NPCR.4', 'NPCR.4.47', 'STATUS.Unique']"
786,克林,"['NPCR', 'NPCR.4', 'NPCR.4.47', 'STATUS.Unique']"
788,雪绒花,"['NPCR', 'NPCR.4', 'NPCR.4.47', 'STATUS.Unique']"
791,丁克家庭,"['NPCR', 'NPCR.4', 'NPCR.4.48', 'STATUS.Unique']"
794,太爷爷,"['NPCR', 'NPCR.4', 'NPCR.4.48', 'STATUS.Unique']"
800,小叶子,"['NPCR', 'NPCR.4', 'NPCR.4.48', 'STATUS.Unique']"
801,头痛医脚,"['NPCR', 'NPCR.4', 'NPCR.4.49', 'STATUS.Unique']"
807,听诊,"['NPCR', 'NPCR.4', 'NPCR.4.49', 'STATUS.Unique']"
809,脚指头,"['NPCR', 'NPCR.4', 'NPCR.4.49', 'STATUS.Unique']"
810,开药方,"['NPCR', 'NPCR.4', 'NPCR.4.49', 'STATUS.Unique']"
833,玩游戏,"['NPCR', 'NPCR.4', 'NPCR.4.50', 'STATUS.Unique']"
854,服装设计,"['NPCR', 'NPCR.5', 'NPCR.5.52', 'STATUS.Unique']"
863,李志强,"['NPCR', 'NPCR.5', 'NPCR.5.52', 'STATUS.Unique']"
864,汤米,"['NPCR', 'NPCR.5', 'NPCR.5.52', 'STATUS.Unique']"
867,电熨斗,"['NPCR', 'NPCR.5', 'NPCR.5.52', 'STATUS.Unique']"
870,天将,"['NPCR', 'NPCR.5', 'NPCR.5.52', 'STATUS.Unique']"
884,芋头扣肉,"['NPCR', 'NPCR.5', 'NPCR.5.53', 'STATUS.Unique']"
890,细菜,"['NPCR', 'NPCR.5', 'NPCR.5.53', 'STATUS.Unique']"
897,臭豆腐干,"['NPCR', 'NPCR.5', 'NPCR.5.53', 'STATUS.Unique']"
898,大人物,"['NPCR', 'NPCR.5', 'NPCR.5.53', 'STATUS.Unique']"
912,火宫殿,"['NPCR', 'NPCR.5', 'NPCR.5.53', 'STATUS.Unique']"
916,砂罐,"['NPCR', 'NPCR.5', 'NPCR.5.53', 'STATUS.Unique']"
922,我的妈呀,"['NPCR', 'NPCR.5', 'NPCR.5.53', 'STATUS.Unique']"
927,新装,"['NPCR', 'NPCR.5', 'NPCR.5.54', 'STATUS.Unique']"
929,修(建),"['NPCR', 'NPCR.5', 'NPCR.5.54', 'STATUS.Unique']"
937,山南海北,"['NPCR', 'NPCR.5', 'NPCR.5.54', 'STATUS.Unique']"
938,中轴路,"['NPCR', 'NPCR.5', 'NPCR.5.54', 'STATUS.Unique']"
956,玩命,"['NPCR', 'NPCR.5', 'NPCR.5.54', 'STATUS.Unique']"
973,工程院,"['NPCR', 'NPCR.5', 'NPCR.5.56', 'STATUS.Unique']"
974,(农)作物,"['NPCR', 'NPCR.5', 'NPCR.5.56', 'STATUS.Unique']"
976,穗子,"['NPCR', 'NPCR.5', 'NPCR.5.56', 'STATUS.Unique']"
982,亩产,"['NPCR', 'NPCR.5', 'NPCR.5.56', 'STATUS.Unique']"
984,袁隆平,"['NPCR', 'NPCR.5', 'NPCR.5.56', 'STATUS.Unique']"
986,西南农业学院,"['NPCR', 'NPCR.5', 'NPCR.5.56', 'STATUS.Unique']"
987,安江农校,"['NPCR', 'NPCR.5', 'NPCR.5.56', 'STATUS.Unique']"
989,负负得正,"['NPCR', 'NPCR.5', 'NPCR.5.56', 'STATUS.Unique']"
999,少年不识愁滋味,"['NPCR', 'NPCR.5', 'NPCR.5.57', 'STATUS.Unique']"
1001,大丈夫主义,"['NPCR', 'NPCR.5', 'NPCR.5.57', 'STATUS.Unique']"
1003,约稿,"['NPCR', 'NPCR.5', 'NPCR.5.57', 'STATUS.Unique']"
1011,初五,"['NPCR', 'NPCR.5', 'NPCR.5.57', 'STATUS.Unique']"
1014,大蒜末,"['NPCR', 'NPCR.5', 'NPCR.5.57', 'STATUS.Unique']"
1043,讲价钱,"['NPCR', 'NPCR.5', 'NPCR.5.58', 'STATUS.Unique']"
1044,子毛大衣,"['NPCR', 'NPCR.5', 'NPCR.5.58', 'STATUS.Unique']"
1059,帽(子),"['NPCR', 'NPCR.5', 'NPCR.5.58', 'STATUS.Unique']"
1061,青(色),"['NPCR', 'NPCR.5', 'NPCR.5.58', 'STATUS.Unique']"
1062,棉袍,"['NPCR', 'NPCR.5', 'NPCR.5.58', 'STATUS.Unique']"
1077,触他之怒,"['NPCR', 'NPCR.5', 'NPCR.5.58', 'STATUS.Unique']"
1083,大去,"['NPCR', 'NPCR.5', 'NPCR.5.58', 'STATUS.Unique']"
1084,空巢家庭,"['NPCR', 'NPCR.5', 'NPCR.5.58', 'STATUS.Unique']"
1089,炒(子),"['NPCR', 'NPCR.5', 'NPCR.5.58', 'STATUS.Unique']"
1096,坑声,"['NPCR', 'NPCR.5', 'NPCR.5.59', 'STATUS.Unique']"
1111,秋月,"['NPCR', 'NPCR.5', 'NPCR.5.59', 'STATUS.Unique']"
1112,家英,"['NPCR', 'NPCR.5', 'NPCR.5.59', 'STATUS.Unique']"
1113,书童,"['NPCR', 'NPCR.5', 'NPCR.5.59', 'STATUS.Unique']"
1123,珍珠鸟,"['NPCR', 'NPCR.5', 'NPCR.5.60', 'STATUS.Unique']"
1124,竹笼子,"['NPCR', 'NPCR.5', 'NPCR.5.60', 'STATUS.Unique']"
1125,怕人,"['NPCR', 'NPCR.5', 'NPCR.5.60', 'STATUS.Unique']"
1127,盖(住),"['NPCR', 'NPCR.5', 'NPCR.5.60', 'STATUS.Unique']"
1128,射入,"['NPCR', 'NPCR.5', 'NPCR.5.60', 'STATUS.Unique']"
1130,影(子),"['NPCR', 'NPCR.5', 'NPCR.5.60', 'STATUS.Unique']"
1132,生意葱茏,"['NPCR', 'NPCR.5', 'NPCR.5.60', 'STATUS.Unique']"
1138,灰蓝,"['NPCR', 'NPCR.5', 'NPCR.5.60', 'STATUS.Unique']"
1150,银灰,"['NPCR', 'NPCR.5', 'NPCR.5.60', 'STATUS.Unique']"
1161,千岁,"['NPCR', 'NPCR.5', 'NPCR.5.60', 'STATUS.Unique']"
1162,美猴王,"['NPCR', 'NPCR.5', 'NPCR.5.60', 'STATUS.Unique']"
1171,豆芽儿,"['NPCR', 'NPCR.6', 'NPCR.6.61', 'STATUS.Unique']"
1175,登台,"['NPCR', 'NPCR.6', 'NPCR.6.61', 'STATUS.Unique']"
1178,绝活儿,"['NPCR', 'NPCR.6', 'NPCR.6.61', 'STATUS.Unique']"
1180,语速,"['NPCR', 'NPCR.6', 'NPCR.6.61', 'STATUS.Unique']"
1183,初学,"['NPCR', 'NPCR.6', 'NPCR.6.61', 'STATUS.Unique']"
1187,情景交融,"['NPCR', 'NPCR.6', 'NPCR.6.61', 'STATUS.Unique']"
1191,口误,"['NPCR', 'NPCR.6', 'NPCR.6.61', 'STATUS.Unique']"
1205,索尼公司,"['NPCR', 'NPCR.6', 'NPCR.6.62', 'STATUS.Unique']"
1211,过路,"['NPCR', 'NPCR.6', 'NPCR.6.63', 'STATUS.Unique']"
1234,解气,"['NPCR', 'NPCR.6', 'NPCR.6.63', 'STATUS.Unique']"
1235,誉为,"['NPCR', 'NPCR.6', 'NPCR.6.63', 'STATUS.Unique']"
1239,原产地域,"['NPCR', 'NPCR.6', 'NPCR.6.63', 'STATUS.Unique']"
1240,车龄,"['NPCR', 'NPCR.6', 'NPCR.6.63', 'STATUS.Unique']"
1242,车闸,"['NPCR', 'NPCR.6', 'NPCR.6.63', 'STATUS.Unique']"
1253,底里,"['NPCR', 'NPCR.6', 'NPCR.6.64', 'STATUS.Unique']"
1265,描红纸,"['NPCR', 'NPCR.6', 'NPCR.6.64', 'STATUS.Unique']"
1274,君子固穷,"['NPCR', 'NPCR.6', 'NPCR.6.64', 'STATUS.Unique']"
1299,草头,"['NPCR', 'NPCR.6', 'NPCR.6.64', 'STATUS.Unique']"
1303,多乎哉,"['NPCR', 'NPCR.6', 'NPCR.6.64', 'STATUS.Unique']"
1307,许(也许),"['NPCR', 'NPCR.6', 'NPCR.6.64', 'STATUS.Unique']"
1312,眼镜圈,"['NPCR', 'NPCR.6', 'NPCR.6.64', 'STATUS.Unique']"
1313,斜射,"['NPCR', 'NPCR.6', 'NPCR.6.64', 'STATUS.Unique']"
1316,许谎,"['NPCR', 'NPCR.6', 'NPCR.6.64', 'STATUS.Unique']"
1317,大少爷,"['NPCR', 'NPCR.6', 'NPCR.6.64', 'STATUS.Unique']"
1318,女下人,"['NPCR', 'NPCR.6', 'NPCR.6.64', 'STATUS.Unique']"
1324,矿上,"['NPCR', 'NPCR.6', 'NPCR.6.64', 'STATUS.Unique']"
1335,磕头碰脑,"['NPCR', 'NPCR.6', 'NPCR.6.65', 'STATUS.Unique']"
1340,照镜子,"['NPCR', 'NPCR.6', 'NPCR.6.65', 'STATUS.Unique']"
1346,抬头纹,"['NPCR', 'NPCR.6', 'NPCR.6.65', 'STATUS.Unique']"
1357,金丝蜜枣,"['NPCR', 'NPCR.6', 'NPCR.6.65', 'STATUS.Unique']"
1360,完事,"['NPCR', 'NPCR.6', 'NPCR.6.65', 'STATUS.Unique']"
1362,攀跻,"['NPCR', 'NPCR.6', 'NPCR.6.65', 'STATUS.Unique']"
1367,井底蛙,"['NPCR', 'NPCR.6', 'NPCR.6.65', 'STATUS.Unique']"
1371,胶纸,"['NPCR', 'NPCR.6', 'NPCR.6.65', 'STATUS.Unique']"
1377,谚(语),"['NPCR', 'NPCR.6', 'NPCR.6.65', 'STATUS.Unique']"
1378,配戏,"['NPCR', 'NPCR.6', 'NPCR.6.65', 'STATUS.Unique']"
1379,窝头,"['NPCR', 'NPCR.6', 'NPCR.6.65', 'STATUS.Unique']"
1380,米糕,"['NPCR', 'NPCR.6', 'NPCR.6.65', 'STATUS.Unique']"
1385,浓眉,"['NPCR', 'NPCR.6', 'NPCR.6.65', 'STATUS.Unique']"
1387,毛桃子,"['NPCR', 'NPCR.6', 'NPCR.6.65', 'STATUS.Unique']"
1389,璞石,"['NPCR', 'NPCR.6', 'NPCR.6.65', 'STATUS.Unique']"
1393,窖藏,"['NPCR', 'NPCR.6', 'NPCR.6.65', 'STATUS.Unique']"
1394,陈酿,"['NPCR', 'NPCR.6', 'NPCR.6.65', 'STATUS.Unique']"
1395,芳洌,"['NPCR', 'NPCR.6', 'NPCR.6.65', 'STATUS.Unique']"
1402,秋行春令,"['NPCR', 'NPCR.6', 'NPCR.6.65', 'STATUS.Unique']"
1404,科班,"['NPCR', 'NPCR.6', 'NPCR.6.65', 'STATUS.Unique']"
1405,童伶,"['NPCR', 'NPCR.6', 'NPCR.6.65', 'STATUS.Unique']"
1408,武戏,"['NPCR', 'NPCR.6', 'NPCR.6.65', 'STATUS.Unique']"
1409,轴子戏,"['NPCR', 'NPCR.6', 'NPCR.6.65', 'STATUS.Unique']"
1411,维他赐保命,"['NPCR', 'NPCR.6', 'NPCR.6.65', 'STATUS.Unique']"
1419,摔到,"['NPCR', 'NPCR.6', 'NPCR.6.65', 'STATUS.Unique']"
1453,不尽人意,"['NPCR', 'NPCR.6', 'NPCR.6.66', 'STATUS.Unique']"
1455,虎气,"['NPCR', 'NPCR.6', 'NPCR.6.66', 'STATUS.Unique']"
1457,李商银,"['NPCR', 'NPCR.6', 'NPCR.6.66', 'STATUS.Unique']"
1458,全唐诗,"['NPCR', 'NPCR.6', 'NPCR.6.66', 'STATUS.Unique']"
1459,香芋,"['NPCR', 'NPCR.6', 'NPCR.6.66', 'STATUS.Unique']"
1461,耗子精,"['NPCR', 'NPCR.6', 'NPCR.6.66', 'STATUS.Unique']"
1465,果(子),"['NPCR', 'NPCR.6', 'NPCR.6.66', 'STATUS.Unique']"
1470,腊八,"['NPCR', 'NPCR.6', 'NPCR.6.66', 'STATUS.Unique']"
1478,隐深,"['NPCR', 'NPCR.6', 'NPCR.6.67', 'STATUS.Unique']"
1492,顾(不到),"['NPCR', 'NPCR.6', 'NPCR.6.67', 'STATUS.Unique']"
1493,诗据,"['NPCR', 'NPCR.6', 'NPCR.6.67', 'STATUS.Unique']"
1509,保(不住),"['NPCR', 'NPCR.6', 'NPCR.6.67', 'STATUS.Unique']"
1510,兽窟,"['NPCR', 'NPCR.6', 'NPCR.6.67', 'STATUS.Unique']"
1517,窗幕,"['NPCR', 'NPCR.6', 'NPCR.6.67', 'STATUS.Unique']"
1520,探胜,"['NPCR', 'NPCR.6', 'NPCR.6.67', 'STATUS.Unique']"
1524,尔尔,"['NPCR', 'NPCR.6', 'NPCR.6.67', 'STATUS.Unique']"
1525,残冷,"['NPCR', 'NPCR.6', 'NPCR.6.67', 'STATUS.Unique']"
1532,黑奴,"['NPCR', 'NPCR.6', 'NPCR.6.67', 'STATUS.Unique']"
1533,保安员,"['NPCR', 'NPCR.6', 'NPCR.6.67', 'STATUS.Unique']"
1535,野骆驼,"['NPCR', 'NPCR.6', 'NPCR.6.68', 'STATUS.Unique']"
1554,狂奔,"['NPCR', 'NPCR.6', 'NPCR.6.68', 'STATUS.Unique']"
1555,恶狼,"['NPCR', 'NPCR.6', 'NPCR.6.68', 'STATUS.Unique']"
1563,开什米,"['NPCR', 'NPCR.6', 'NPCR.6.68', 'STATUS.Unique']"
1569,围追,"['NPCR', 'NPCR.6', 'NPCR.6.68', 'STATUS.Unique']"
1571,狼犬,"['NPCR', 'NPCR.6', 'NPCR.6.68', 'STATUS.Unique']"
1583,克死,"['NPCR', 'NPCR.6', 'NPCR.6.69', 'STATUS.Unique']"
1591,逗气,"['NPCR', 'NPCR.6', 'NPCR.6.69', 'STATUS.Unique']"
1596,街门,"['NPCR', 'NPCR.6', 'NPCR.6.69', 'STATUS.Unique']"
1599,衣箱,"['NPCR', 'NPCR.6', 'NPCR.6.69', 'STATUS.Unique']"
1600,血光,"['NPCR', 'NPCR.6', 'NPCR.6.69', 'STATUS.Unique']"
1605,火团,"['NPCR', 'NPCR.6', 'NPCR.6.69', 'STATUS.Unique']"
1609,心横起来,"['NPCR', 'NPCR.6', 'NPCR.6.69', 'STATUS.Unique']"
1614,出头露面,"['NPCR', 'NPCR.6', 'NPCR.6.69', 'STATUS.Unique']"
1615,非…不可,"['NPCR', 'NPCR.6', 'NPCR.6.69', 'STATUS.Unique']"
1622,作难,"['NPCR', 'NPCR.6', 'NPCR.6.69', 'STATUS.Unique']"
1623,不辞,"['NPCR', 'NPCR.6', 'NPCR.6.69', 'STATUS.Unique']"
1635,幼子,"['NPCR', 'NPCR.6', 'NPCR.6.69', 'STATUS.Unique']"
1640,念(挂念),"['NPCR', 'NPCR.6', 'NPCR.6.69', 'STATUS.Unique']"
1642,孤苦,"['NPCR', 'NPCR.6', 'NPCR.6.69', 'STATUS.Unique']"
1644,相告,"['NPCR', 'NPCR.6', 'NPCR.6.69', 'STATUS.Unique']"
1647,劳军,"['NPCR', 'NPCR.6', 'NPCR.6.69', 'STATUS.Unique']"
1655,七七抗战,"['NPCR', 'NPCR.6', 'NPCR.6.69', 'STATUS.Unique']"
1656,认氏,"['NPCR', 'NPCR.6', 'NPCR.6.69', 'STATUS.Unique']"
1658,钱铺,"['NPCR', 'NPCR.6', 'NPCR.6.69', 'STATUS.Unique']"
1662,直隶省,"['NPCR', 'NPCR.6', 'NPCR.6.69', 'STATUS.Unique']"
1663,批判性,"['NPCR', 'NPCR.6', 'NPCR.6.69', 'STATUS.Unique']"
1667,积水潭,"['NPCR', 'NPCR.6', 'NPCR.6.69', 'STATUS.Unique']"
1668,太平湖,"['NPCR', 'NPCR.6', 'NPCR.6.69', 'STATUS.Unique']"
1672,体衰,"['NPCR', 'NPCR.6', 'NPCR.6.69', 'STATUS.Unique']"
1675,裱糊匠,"['NPCR', 'NPCR.6', 'NPCR.6.70', 'STATUS.Unique']"
1680,彩活儿,"['NPCR', 'NPCR.6', 'NPCR.6.70', 'STATUS.Unique']"
1682,灰顶,"['NPCR', 'NPCR.6', 'NPCR.6.70', 'STATUS.Unique']"
1684,待到,"['NPCR', 'NPCR.6', 'NPCR.6.70', 'STATUS.Unique']"
1688,活泛劲儿,"['NPCR', 'NPCR.6', 'NPCR.6.70', 'STATUS.Unique']"
1692,住室,"['NPCR', 'NPCR.6', 'NPCR.6.70', 'STATUS.Unique']"
1693,房管局,"['NPCR', 'NPCR.6', 'NPCR.6.70', 'STATUS.Unique']"
1700,发狠,"['NPCR', 'NPCR.6', 'NPCR.6.70', 'STATUS.Unique']"
1704,柔声柔气,"['NPCR', 'NPCR.6', 'NPCR.6.70', 'STATUS.Unique']"
1716,危旧房,"['NPCR', 'NPCR.6', 'NPCR.6.70', 'STATUS.Unique']"
1722,文物局,"['NPCR', 'NPCR.6', 'NPCR.6.70', 'STATUS.Unique']"
1724,政协委员,"['NPCR', 'NPCR.6', 'NPCR.6.70', 'STATUS.Unique']"
1725,人大代表,"['NPCR', 'NPCR.6', 'NPCR.6.70', 'STATUS.Unique']"
1730,乐得,"['NPCR', 'NPCR.6', 'NPCR.6.70', 'STATUS.Unique']"
1741,车上,"['HSK-v2021', 'HSK3.1', 'STATUS.Unique']"
1792,请坐,"['HSK-v2021', 'HSK3.1', 'STATUS.Unique']"
1821,真的,"['HSK-v2021', 'HSK3.1', 'STATUS.Unique']"
1834,不太,"['HSK-v2021', 'HSK3.2', 'STATUS.Unique']"
1839,不一会儿,"['HSK-v2021', 'HSK3.2', 'STATUS.Unique']"
1887,见过,"['HSK-v2021', 'HSK3.2', 'STATUS.Unique']"
1944,送到,"['HSK-v2021', 'HSK3.2', 'STATUS.Unique']"
1966,笑话儿,"['HSK-v2021', 'HSK3.2', 'STATUS.Unique']"
1983,有空儿,"['HSK-v2021', 'HSK3.2', 'STATUS.Unique']"
1997,这时候,"['HSK-v2021', 'HSK3.2', 'STATUS.Unique']"
2042,放到,"['HSK-v2021', 'HSK3.3', 'STATUS.Unique']"
2069,…极了,"['HSK-v2021', 'HSK3.3', 'STATUS.Unique']"
2108,能不能,"['HSK-v2021', 'HSK3.3', 'STATUS.Unique']"
2244,电动车,"['HSK-v2021', 'HSK3.4', 'STATUS.Unique']"
2311,没法儿,"['HSK-v2021', 'HSK3.4', 'STATUS.Unique']"
2317,名牌儿,"['HSK-v2021', 'HSK3.4', 'STATUS.Unique']"
2389,眼里,"['HSK-v2021', 'HSK3.4', 'STATUS.Unique']"
2396,有劲儿,"['HSK-v2021', 'HSK3.4', 'STATUS.Unique']"
2441,城里,"['HSK-v2021', 'HSK3.5', 'STATUS.Unique']"
2507,胡同儿,"['HSK-v2021', 'HSK3.5', 'STATUS.Unique']"
2656,小偷儿,"['HSK-v2021', 'HSK3.5', 'STATUS.Unique']"
2937,很难说,"['HSK-v2021', 'HSK3.6', 'STATUS.Unique']"
3268,一番,"['HSK-v2021', 'HSK3.6', 'STATUS.Unique']"
3336,指着,"['HSK-v2021', 'HSK3.6', 'STATUS.Unique']"
3516,不利于,"['HSK-v2021', 'HSK3.7-9', 'STATUS.Unique']"
3536,不肯,"['HSK-v2021', 'HSK3.7-9', 'STATUS.Unique']"
3539,不难,"['HSK-v2021', 'HSK3.7-9', 'STATUS.Unique']"
3543,不如说,"['HSK-v2021', 'HSK3.7-9', 'STATUS.Unique']"
3637,趁着,"['HSK-v2021', 'HSK3.7-9', 'STATUS.Unique']"
3800,大笔,"['HSK-v2021', 'HSK3.7-9', 'STATUS.Unique']"
3938,定为,"['HSK-v2021', 'HSK3.7-9', 'STATUS.Unique']"
4062,飞往,"['HSK-v2021', 'HSK3.7-9', 'STATUS.Unique']"
4223,公益性,"['HSK-v2021', 'HSK3.7-9', 'STATUS.Unique']"
4474,怀着,"['HSK-v2021', 'HSK3.7-9', 'STATUS.Unique']"
5003,离谱儿,"['HSK-v2021', 'HSK3.7-9', 'STATUS.Unique']"
5259,难以想象,"['HSK-v2021', 'HSK3.7-9', 'STATUS.Unique']"
5849,说起来,"['HSK-v2021', 'HSK3.7-9', 'STATUS.Unique']"
5916,贪玩儿,"['HSK-v2021', 'HSK3.7-9', 'STATUS.Unique']"
6842,致力于,"['HSK-v2021', 'HSK3.7-9', 'STATUS.Unique']"
6930,着眼于,"['HSK-v2021', 'HSK3.7-9', 'STATUS.Unique']"
6996,做证,"['HSK-v2021', 'HSK3.7-9', 'STATUS.Unique']"
11574,马大为,"['STATUS.Multiple', 'NPCR', 'NPCR.1', 'NPCR.1.04', 'NPCR.1.07']"
11577,王小云,"['STATUS.Multiple', 'NPCR', 'NPCR.1', 'NPCR.1.05', 'NPCR.1.08']"
11581,宋华,"['STATUS.Multiple', 'NPCR', 'NPCR.1', 'NPCR.1.05', 'NPCR.1.09']"
11887,嫦娥奔月,"['STATUS.Multiple', 'NPCR', 'NPCR.3', 'NPCR.3.28', 'NPCR.4', 'NPCR.4.50']"
11968,…分之…,"['HSK-v2021', 'HSK3.4', 'STATUS.Multiple', 'NPCR', 'NPCR.3', 'NPCR.3.35']"
